8.2735,1,1,-0.14787,-0.06853,-0.29841,7.5327,8.3652,1,1,-0.15036,-0.069962,-0.29841,7.5081,8.4912,1,1,-0.1357,-0.059756,-0.29841,7.473,8.5988,1,1,-0.10971,-0.042796,-0.29841,7.4214,8.6416,1,1,-0.071371,-0.019957,-0.29841,7.3475
12.116,1,1,-0.068005,-0.020398,0.54708,-10.394,12.288,1,1,-0.057259,-0.012431,0.54708,-10.271,12.534,1,1,-0.02699,0.0078524,0.54708,-10.166,12.826,1,1,-0.0037955,0.022225,0.54708,-10.075,13.117,1,1,-0.028482,0.0055713,0.54708,-9.9714
20.302,1,1,0.81567,0.51214,-1.1673,11.005,20.061,1,1,0.76526,0.49584,-1.1673,10.423,19.875,1,1,0.69967,0.45977,-1.1673,9.8876,19.795,1,1,0.68945,0.44782,-1.1673,9.3664,19.814,1,1,0.7249,0.454,-1.1673,8.8349
19.387,1,0,-0.26977,-0.14199,0.0065901,7.138,19.356,1,0,-0.17525,-0.085341,0.0065901,7.1319,19.361,1,0,-0.067129,-0.017111,0.0065901,7.0627,19.384,1,0,0.01079,0.031179,0.0065901,6.9491,19.408,1,0,0.03748,0.044833,0.0065901,6.8211
13.689,1,1,0.00021098,0.020712,-0.053788,-3.8416,13.682,1,1,0.0072905,0.027457,-0.053788,-3.8286,13.682,1,1,0.017172,0.035318,-0.053788,-3.8209,13.688,1,1,0.027352,0.041347,-0.053788,-3.8195,13.698,1,1,0.03695,0.044517,-0.053788,-3.8237
4.5646,1,1,0.055305,0.053914,-0.14167,3.1294,4.5372,1,1,0.060702,0.060462,-0.14167,3.0344,4.4971,1,1,0.067906,0.066869,-0.14167,2.936,4.4814,1,1,0.060586,0.061749,-0.14167,2.842,4.5555,1,1,0.053595,0.054425,-0.14167,2.7523
15.239,1,0,0.1853,0.13225,-0.40241,10.106,15.239,1,0,0.18527,0.13744,-0.40241,9.8625,15.231,1,1,0.18517,0.1398,-0.40241,9.6212,15.202,1,1,0.18517,0.13824,-0.40241,9.382,15.136,1,1,0.19705,0.13981,-0.40241,9.1388
11.219,1,1,-0.050463,-0.0098262,0.22287,-5.3116,11.29,1,1,-0.10537,-0.042159,0.22287,-5.2184,11.385,1,1,-0.16114,-0.075578,0.22287,-5.0952,11.519,1,1,-0.18535,-0.089231,0.22287,-4.9616,11.684,1,1,-0.18472,-0.087422,0.22287,-4.8315
18.636,1,1,0.07219,0.064089,-0.046956,-10.15,18.686,1,1,0.038496,0.04674,-0.046956,-10.084,18.702,1,1,0.03163,0.044309,-0.046956,-10.014,18.705,1,1,0.032333,0.044405,-0.046956,-9.9443,18.706,1,1,0.033731,0.042601,-0.046956,-9.8765
5.9441,1,1,0.11506,0.089926,-0.13407,2.8206,5.9866,1,1,0.090884,0.079113,-0.13407,2.7121,5.9676,1,1,0.084706,0.077318,-0.13407,2.6079,5.9238,1,1,0.098181,0.08483,-0.13407,2.4968,5.873,1,1,0.10967,0.087801,-0.13407,2.3804
13.978,1,1,-0.14228,-0.065158,0.052812,-9.198,13.926,1,1,-0.037947,-0.00049736,0.052812,-9.0997,13.855,1,1,0.021861,0.038234,0.052812,-9.0349,13.792,1,1,0.034205,0.045554,0.052812,-8.9779,13.748,1,1,0.021865,0.035539,0.052812,-8.9147
19.463,1,1,-0.36001,-0.19637,0.63686,-12.845,19.613,1,1,-0.31105,-0.16926,0.63686,-12.551,19.731,1,1,-0.22046,-0.11247,0.63686,-12.312,19.823,1,1,-0.12797,-0.054007,0.63686,-12.128,19.907,1,1,-0.091669,-0.032039,0.63686,-11.966
5.8393,1,1,-1.1125,-0.64986,-0.31128,-5.4232,5.8516,1,1,-1.1627,-0.69556,-0.31128,-4.7303,5.881,1,1,-1.0106,-0.60388,-0.31128,-4.1373,5.9367,1,1,-0.66509,-0.38375,-0.31128,-3.7493,6.0138,1,1,-0.19425,-0.093096,-0.31128,-3.6279
7.7034,1,0,-0.044568,-0.0062735,0.039151,2.9686,7.8047,1,0,-0.048161,-0.006809,0.039151,2.937,7.9602,1,0,-0.049683,-0.0062609,0.039151,2.9055,8.1526,1,0,-0.048354,-0.00513,0.039151,2.8721,8.3529,1,0,-0.042733,-0.002911,0.039151,2.8347
22.784,0,0,0.046385,0.048538,0.22565,3.928,22.924,0,0,0.056649,0.057958,0.22565,3.8265,22.979,0,0,0.050421,0.055995,0.22565,3.7289,22.957,0,0,0.041613,0.050102,0.22565,3.6363,22.858,0,0,0.0082436,0.027431,0.22565,3.5623
10.712,1,1,-0.088516,-0.032759,0.024688,14.004,10.676,1,1,-0.072581,-0.021899,0.024688,13.863,10.667,1,1,-0.06737,-0.01726,0.024688,13.718,10.667,1,1,-0.067183,-0.016689,0.024688,13.571,10.668,1,1,-0.067056,-0.017389,0.024688,13.425
13.752,1,1,-0.030265,0.0023459,0.70221,-14.218,13.834,1,1,-0.044744,-0.0046973,0.70221,-14.06,13.961,1,1,-0.047004,-0.0045943,0.70221,-13.9,14.13,1,1,-0.033732,0.003847,0.70221,-13.75,14.319,1,1,-0.02821,0.0057334,0.70221,-13.605
6.0968,1,1,0.073847,0.065088,-0.010809,1.0845,6.0961,1,1,0.073937,0.068641,-0.010809,1.0049,6.096,1,1,0.07428,0.070833,-0.010809,0.92592,6.0957,1,1,0.07425,0.070138,-0.010809,0.84723,6.0946,1,1,0.074034,0.06659,-0.010809,0.76923
16.315,1,1,-0.075108,-0.024678,0.079517,6.3732,16.318,1,1,-0.076835,-0.024528,0.079517,6.32,16.358,1,1,-0.07966,-0.024904,0.079517,6.2669,16.446,1,1,-0.086649,-0.028639,0.079517,6.2163,16.591,1,1,-0.089696,-0.030864,0.079517,6.1663
10.671,1,1,0.22651,0.15709,-0.31742,3.5688,10.664,1,1,0.2285,0.16415,-0.31742,3.374,10.664,1,1,0.22863,0.16683,-0.31742,3.1818,10.665,1,1,0.22844,0.1648,-0.31742,2.9921,10.665,1,1,0.22813,0.15831,-0.31742,2.8053
15.24,1,1,0.050621,0.051091,0.051298,-8.9849,15.24,1,1,0.050748,0.054311,0.051298,-8.9391,15.24,1,1,0.050904,0.056296,0.051298,-8.8924,15.24,1,1,0.050748,0.05571,0.051298,-8.8461,15.241,1,1,0.050621,0.052655,0.051298,-8.8002
9.144,1,0,-0.042965,-0.0053074,0.057915,2.3536,9.144,1,0,-0.047102,-0.0061545,0.057915,2.3284,9.144,1,0,-0.046945,-0.0045581,0.057915,2.3023,9.1437,1,0,-0.046915,-0.0042465,0.057915,2.2749,9.1427,1,0,-0.046915,-0.0054004,0.057915,2.2467
6.0743,1,1,0.073816,0.06507,-0.1149,4.1115,6.0914,1,1,0.074033,0.0687,-0.1149,3.9981,6.094,1,1,0.074124,0.070736,-0.1149,3.8853,6.1021,1,1,0.07431,0.070175,-0.1149,3.7729,6.1362,1,1,0.069518,0.063902,-0.1149,3.6638
10.772,1,1,0.28846,0.19442,-0.21721,-5.7672,11.089,1,1,0.3233,0.22273,-0.21721,-5.9116,11.321,1,1,0.33746,0.23451,-0.21721,-6.0595,11.441,1,1,0.33772,0.23188,-0.21721,-6.2043,11.455,1,1,0.34082,0.22538,-0.21721,-6.3473
10.64,0,1,0.12923,0.098466,0.60224,2.9038,10.587,0,1,0.13119,0.10402,0.60224,2.7715,10.507,0,1,0.1405,0.11202,0.60224,2.6354,10.43,0,1,0.14016,0.1106,0.60224,2.5008,10.394,0,1,0.098867,0.081371,0.60224,2.3903
10.668,1,1,0.12965,0.098719,-0.031905,2.3802,10.669,1,1,0.13,0.10328,-0.031905,2.2544,10.668,1,1,0.13015,0.10558,-0.031905,2.13,10.662,1,1,0.12945,0.10403,-0.031905,2.0071,10.646,1,1,0.12929,0.099478,-0.031905,1.8856
8.6637,1,1,0.42401,0.27611,0.15665,0.82787,8.6943,1,1,0.29836,0.20732,0.15665,0.62411,8.7254,1,1,0.15225,0.11933,0.15665,0.50579,8.7465,1,1,0.028096,0.041803,0.15665,0.45743,8.7489,1,1,-0.053201,-0.0091418,0.15665,0.45348
20.443,0,0,0.049927,0.050673,0.5288,-12.486,20.442,0,0,-0.011898,0.015599,0.5288,-12.366,20.483,0,0,-0.10494,-0.040624,0.5288,-12.193,20.533,0,0,-0.22907,-0.11607,0.5288,-11.955,20.573,0,0,-0.35646,-0.18965,0.5288,-11.65
10.592,1,1,-1.422,-0.83639,0.8645,-12.556,10.589,1,1,-1.3072,-0.78482,0.8645,-11.702,10.631,1,1,-1.0797,-0.64687,0.8645,-10.991,10.723,1,1,-0.74222,-0.4311,0.8645,-10.483,10.851,1,1,-0.33149,-0.17479,0.8645,-10.209
14.646,1,1,0.28064,0.18971,-0.3967,17.109,14.959,1,1,0.44826,0.29995,-0.3967,16.639,15.208,1,1,0.59726,0.39608,-0.3967,16.09,15.338,1,1,0.68562,0.44546,-0.3967,15.5,15.324,1,1,0.68697,0.43142,-0.3967,14.919
11.672,1,1,-0.45984,-0.25654,-0.11457,1.2968,11.503,1,1,-0.39282,-0.21979,-0.11457,1.479,11.281,1,1,-0.32503,-0.1775,-0.11457,1.6181,11.046,1,1,-0.23146,-0.11754,-0.11457,1.7006,10.845,1,1,-0.10864,-0.042143,-0.11457,1.7127
15.2,1,1,0.10623,0.084601,-0.24666,7.2329,15.403,1,1,0.094411,0.081293,-0.24666,7.0731,15.481,1,1,0.075,0.071281,-0.24666,6.925,15.451,1,1,0.071849,0.068664,-0.24666,6.7792,15.32,1,1,0.086143,0.073798,-0.24666,6.6266
4.5704,1,1,-0.053952,-0.011929,0.074578,-9.9917,4.5707,1,1,-0.053796,-0.010291,0.074578,-9.8755,4.5717,1,1,-0.053796,-0.0088185,0.074578,-9.7596,4.572,1,1,-0.054079,-0.0086446,0.074578,-9.6455,4.572,1,1,-0.05411,-0.0096826,0.074578,-9.5331
13.716,1,1,0.045466,0.047985,-0.029255,3.5295,13.715,1,1,0.045406,0.05101,-0.029255,3.4387,13.716,1,1,0.045189,0.052742,-0.029255,3.3485,13.725,1,1,0.045093,0.052238,-0.029255,3.2583,13.761,1,1,0.040069,0.046374,-0.029255,3.1712
9.014,1,1,0.15936,0.11662,-0.27943,5.3925,9.0785,1,1,0.18776,0.13898,-0.27943,5.2004,9.1203,1,1,0.19564,0.14631,-0.27943,5.006,9.1371,1,1,0.1957,0.1447,-0.27943,4.8136,9.1469,1,1,0.19573,0.13903,-0.27943,4.6236
18.112,1,1,0.078026,0.067607,-0.12937,10.566,18.203,1,1,0.072196,0.067565,-0.12937,10.382,18.207,1,1,0.042836,0.051278,-0.12937,10.214,18.147,1,1,0.00040232,0.024802,-0.12937,10.071,18.078,1,1,-0.029032,0.0052436,-0.12937,9.9433
12.011,1,0,0.14476,0.10782,-0.21647,5.9282,12.107,1,1,0.14939,0.11527,-0.21647,5.7518,12.162,1,1,0.15167,0.11896,-0.21647,5.5758,12.186,1,1,0.14978,0.11651,-0.21647,5.4023,12.193,1,1,0.14841,0.11086,-0.21647,5.2314
15.567,1,1,-1.7951,-1.0612,1.0939,-8.7318,15.513,1,1,-1.7796,-1.0767,1.0939,-7.653,15.374,1,1,-1.7034,-1.0348,1.0939,-6.6392,15.121,1,1,-1.5649,-0.93612,1.0939,-5.7249,14.748,1,1,-1.3877,-0.80345,1.0939,-4.9283
13.384,1,1,-0.081986,-0.028823,0.097217,-6.6841,13.447,1,1,-0.023104,0.0086751,0.097217,-6.6222,13.541,1,1,0.02764,0.041827,0.097217,-6.5887,13.626,1,1,0.058124,0.060238,0.097217,-6.5728,13.66,1,1,0.06896,0.063571,0.097217,-6.5629
16.88,1,1,-0.78802,-0.45431,0.31298,0.27291,16.82,1,1,-0.63672,-0.3705,0.31298,0.60455,16.782,1,1,-0.47318,-0.26964,0.31298,0.83641,16.767,1,1,-0.34562,-0.18763,0.31298,0.99102,16.764,1,1,-0.2737,-0.14039,0.31298,1.1015
18.497,1,1,-0.20786,-0.10468,-0.0001609,5.3976,18.447,1,1,-0.14894,-0.069082,-0.0001609,5.396,18.393,1,1,-0.074653,-0.02179,-0.0001609,5.3506,18.344,1,1,-0.0065367,0.020542,-0.0001609,5.2662,18.309,1,1,0.036852,0.044459,-0.0001609,5.1578
10.719,1,1,-0.054174,-0.012063,-0.11189,2.6077,10.543,1,1,-0.054465,-0.010705,-0.11189,2.5838,10.383,1,1,-0.041023,-0.0008751,-0.11189,2.5515,10.287,1,1,-0.0076109,0.019883,-0.11189,2.4995,10.28,1,1,0.032696,0.041985,-0.11189,2.4252
10.668,1,1,0.13015,0.09902,-0.20332,4.2483,10.666,1,1,0.13,0.10328,-0.20332,4.1017,10.657,1,1,0.12987,0.1054,-0.20332,3.9565,10.633,1,1,0.12984,0.10426,-0.20332,3.8125,10.596,1,1,0.12994,0.099864,-0.20332,3.67
14.636,1,0,-0.25821,-0.13502,0.16206,-10.297,14.624,1,0,-0.229,-0.11856,0.16206,-10.107,14.62,1,0,-0.19868,-0.098926,0.16206,-9.9219,14.617,1,0,-0.16948,-0.07949,0.16206,-9.7432,14.631,1,0,-0.13685,-0.058933,0.16206,-9.5717
10.2,1,0,-0.020673,0.0081265,-0.15877,1.2291,10.147,1,0,0.017284,0.033633,-0.15877,1.1799,10.191,1,0,0.057063,0.060126,-0.15877,1.1086,10.312,1,0,0.09505,0.082908,-0.15877,1.0163,10.456,1,0,0.12177,0.095005,-0.15877,0.91026
15.178,1,1,-0.51084,-0.28727,0.71433,-14.449,15.145,1,1,-0.45187,-0.25628,0.71433,-14.058,15.108,1,1,-0.45291,-0.25703,0.71433,-13.671,15.074,1,1,-0.49392,-0.27867,0.71433,-13.269,15.039,1,1,-0.5084,-0.28008,0.71433,-12.867
16.769,1,1,0.01078,0.027081,0.22604,-7.3401,16.801,1,1,0.010497,0.029438,0.22604,-7.2899,16.883,1,1,0.010526,0.031184,0.22604,-7.2393,17.015,1,1,0.0035658,0.026744,0.22604,-7.1858,17.172,1,1,-0.027495,0.0061589,0.22604,-7.1161
12.217,1,1,-0.31275,-0.16789,1.3359,-9.6371,11.845,1,1,-0.6147,-0.3569,1.3359,-9.2075,11.563,1,1,-0.88547,-0.52604,1.3359,-8.6338,11.377,1,1,-1.0866,-0.6425,1.3359,-7.9613,11.28,1,1,-1.2107,-0.69809,1.3359,-7.2358
9.1437,1,0,-0.046692,-0.0075534,0.022063,0.46561,9.1427,1,0,-0.046788,-0.0059606,0.022063,0.46123,9.1422,1,0,-0.046855,-0.0045021,0.022063,0.45617,9.1479,1,0,-0.046915,-0.0042465,0.022063,0.44987,9.1714,1,0,-0.048657,-0.0064374,0.022063,0.44351
11.702,1,1,-0.061477,-0.016463,0.47781,-10.862,11.389,1,1,-0.053026,-0.0098152,0.47781,-10.736,11.025,1,1,-0.050372,-0.0066892,0.47781,-10.613,10.615,1,1,-0.043344,-0.0020543,0.47781,-10.495,10.129,1,1,-0.038972,-0.00067282,0.47781,-10.381
13.716,1,0,-0.054454,-0.012232,0.024809,4.5765,13.716,1,0,-0.064269,-0.016763,0.024809,4.5398,13.716,1,0,-0.070889,-0.019449,0.024809,4.502,13.716,1,0,-0.071045,-0.01906,0.024809,4.4629,13.716,1,0,-0.070731,-0.019576,0.024809,4.4226
14.856,1,1,0.35771,0.23616,-0.72682,7.738,14.778,1,1,0.39221,0.26532,-0.72682,7.4041,14.777,1,1,0.43995,0.29825,-0.72682,7.048,14.86,1,1,0.48797,0.32413,-0.72682,6.6707,14.989,1,1,0.52802,0.33681,-0.72682,6.2776
18.745,1,1,0.4769,0.30798,-0.45851,9.8057,18.744,1,1,0.48596,0.32325,-0.45851,9.3956,18.747,1,1,0.48763,0.3279,-0.45851,8.9903,18.761,0,1,0.48717,0.32363,-0.45851,8.5913,18.794,0,1,0.47956,0.30797,-0.45851,8.2027
6.4362,1,0,-0.042058,-0.0047608,-0.0066972,2.9869,6.2826,1,0,-0.041638,-0.002778,-0.0066972,2.9515,6.1799,1,0,-0.040085,-0.00029178,-0.0066972,2.9145,6.1226,1,0,-0.036903,0.0019,-0.0066972,2.8746,6.095,1,0,-0.032827,0.002985,-0.0066972,2.8318
15.9,1,1,-0.39711,-0.21873,0.58681,-8.1351,15.906,1,1,-0.38529,-0.21514,0.58681,-7.852,15.916,1,1,-0.37571,-0.20902,0.58681,-7.5789,15.926,1,1,-0.37355,-0.20477,0.58681,-7.3129,15.934,1,1,-0.38089,-0.20419,0.58681,-7.0485
14.329,1,1,0.18398,0.13146,0.22582,-10.103,14.341,1,1,0.18027,0.13435,0.22582,-10.118,14.371,1,1,0.16836,0.12934,0.22582,-10.124,14.428,1,1,0.13701,0.10867,0.22582,-10.112,14.513,1,1,0.078076,0.068996,0.22582,-10.066
15.602,1,0,-0.91094,-0.52839,0.8051,-10.802,15.659,1,0,-0.98975,-0.58866,0.8051,-10.148,15.665,1,0,-1.0181,-0.60854,0.8051,-9.489,15.623,1,0,-1.009,-0.59485,0.8051,-8.8497,15.524,1,0,-0.97399,-0.55721,0.8051,-8.2434
16.743,1,1,-0.025283,0.0053485,-0.34937,9.837,16.758,1,1,-0.03071,0.003975,-0.34937,9.719,16.766,1,1,-0.032774,0.0042556,-0.34937,9.6013,16.788,1,1,-0.034807,0.0031866,-0.34937,9.484,16.859,1,1,-0.039121,-0.00076094,-0.34937,9.3688
13.716,1,1,-0.086883,-0.031774,0.12457,8.2849,13.716,1,1,-0.086853,-0.030718,0.12457,8.216,13.716,1,1,-0.086883,-0.029396,0.12457,8.1456,13.716,1,1,-0.086726,-0.028687,0.12457,8.0736,13.715,1,1,-0.086442,-0.028928,0.12457,8.0005
18.687,1,1,0.044707,0.047527,-0.11497,10.985,18.902,1,1,0.037447,0.046092,-0.11497,10.816,19.088,1,1,0.033646,0.045563,-0.11497,10.649,19.201,1,1,0.025304,0.040089,-0.11497,10.486,19.229,1,1,0.0096488,0.028267,-0.11497,10.333
12.192,1,0,-0.063096,-0.017439,-0.036073,-0.85512,12.192,1,0,-0.063096,-0.016038,-0.036073,-0.83555,12.192,1,0,-0.062784,-0.014408,-0.036073,-0.81701,12.19,1,0,-0.062969,-0.014102,-0.036073,-0.79992,12.178,1,0,-0.062783,-0.014845,-0.036073,-0.78422
9.5748,1,0,-0.057486,-0.014058,-0.087865,3.1882,9.2832,1,0,-0.068026,-0.019085,-0.087865,3.1654,9.0485,1,0,-0.057834,-0.01133,-0.087865,3.1359,8.8818,1,0,-0.014873,0.015425,-0.087865,3.0813,8.764,1,0,0.045586,0.049658,-0.087865,2.9932
9.144,1,1,0.02209,0.033898,-0.026741,8.8559,9.144,1,1,0.022121,0.036621,-0.026741,8.7189,9.144,1,1,0.022277,0.038492,-0.026741,8.5817,9.144,1,1,0.021963,0.038039,-0.026741,8.4446,9.144,1,1,0.021621,0.035393,-0.026741,8.3082
9.2725,1,1,0.001355,0.021401,-0.072294,-8.6408,9.4231,1,1,-0.0099933,0.016777,-0.072294,-8.5645,9.6303,1,1,-0.0028329,0.022876,-0.072294,-8.492,9.8608,1,1,0.015334,0.033969,-0.072294,-8.4307,10.075,1,1,0.032993,0.042162,-0.072294,-8.3799
14.724,1,0,-0.21728,-0.11036,0.18408,-10.13,14.742,1,0,-0.22249,-0.11454,0.18408,-9.9241,14.784,1,0,-0.22234,-0.11364,0.18408,-9.7211,14.843,1,0,-0.21743,-0.10893,0.18408,-9.5245,14.917,1,0,-0.20728,-0.10085,0.18408,-9.329
11.007,1,0,-0.05476,-0.012416,0.018285,2.8945,10.932,1,0,-0.056695,-0.012083,0.018285,2.8686,10.845,1,0,-0.057081,-0.010862,0.018285,2.842,10.763,1,0,-0.058331,-0.011255,0.018285,2.8148,10.703,1,0,-0.059351,-0.012802,0.018285,2.7872
19.812,0,0,0.030353,0.038877,-0.032041,5.5938,19.812,0,0,0.030166,0.041593,-0.032041,5.4887,19.812,0,0,0.030166,0.043398,-0.032041,5.3836,19.812,0,0,0.030136,0.043056,-0.032041,5.2785,19.812,0,0,0.030197,0.040498,-0.032041,5.1736
10.255,1,1,0.2062,0.14485,-0.3039,4.5343,10.422,1,1,0.24405,0.17376,-0.3039,4.3199,10.47,1,1,0.28475,0.20173,-0.3039,4.0856,10.344,1,1,0.30888,0.21418,-0.3039,3.8411,10.053,1,1,0.30407,0.20351,-0.3039,3.603
15.86,0,1,-0.15059,-0.070169,-0.04492,9.2877,15.826,0,1,-0.10718,-0.04328,-0.04492,9.2192,15.767,0,1,-0.090362,-0.031559,-0.04492,9.1393,15.679,0,1,-0.10623,-0.040663,-0.04492,9.0668,15.581,0,1,-0.14428,-0.063354,-0.04492,9.0139
18.498,1,1,-0.018107,0.0096728,0.26853,-7.9682,18.652,1,1,0.0097356,0.028968,0.26853,-7.9105,18.815,1,1,0.041241,0.050286,0.26853,-7.8701,18.944,1,1,0.074907,0.070541,0.26853,-7.8488,18.997,1,1,0.10096,0.082618,0.26853,-7.8418
9.144,1,0,-0.047198,-0.0078588,-0.037409,3.7069,9.144,1,0,-0.046945,-0.0060578,-0.037409,3.6665,9.1435,1,0,-0.046819,-0.0044793,-0.037409,3.6251,9.1403,1,0,-0.047102,-0.004361,-0.037409,3.5828,9.1321,1,0,-0.046915,-0.0054004,-0.037409,3.5395
14.428,1,1,-0.56692,-0.32107,0.11353,5.6772,14.362,1,1,-0.56631,-0.327,0.11353,5.9088,14.188,1,1,-0.53335,-0.30706,0.11353,6.1142,13.901,1,1,-0.48776,-0.27488,0.11353,6.2873,13.523,1,1,-0.43284,-0.23511,0.11353,6.4241
10.446,1,1,-0.54784,-0.30957,0.13797,3.7187,10.437,1,1,-0.48773,-0.27844,0.13797,3.9276,10.408,1,1,-0.35176,-0.19413,0.13797,4.0539,10.346,1,1,-0.19993,-0.098183,0.13797,4.0912,10.265,1,1,-0.089475,-0.030733,0.13797,4.0654
12.3,1,1,0.45694,0.29595,0.0084309,4.485,12.635,1,1,0.39954,0.26985,0.0084309,4.1832,12.923,1,1,0.26212,0.18765,0.0084309,3.9631,13.136,1,1,0.080597,0.074035,0.0084309,3.8462,13.279,1,1,-0.087026,-0.029275,0.0084309,3.8219
16.497,1,1,-0.22485,-0.11492,0.69139,-12.422,16.478,1,1,-0.33059,-0.18134,0.69139,-12.122,16.481,1,1,-0.36658,-0.20334,0.69139,-11.806,16.513,1,1,-0.32398,-0.17434,0.69139,-11.519,16.565,1,1,-0.25906,-0.13168,0.69139,-11.273
9.1127,1,1,-0.039621,-0.0032923,-0.07711,15.253,9.1016,1,1,-0.048657,-0.0071155,-0.07711,15.084,9.0644,1,1,-0.044687,-0.0031536,-0.07711,14.912,9.0218,1,1,-0.032092,0.0048538,-0.07711,14.733,8.9934,1,1,-0.0059132,0.019005,-0.07711,14.54
12.105,1,1,-0.57222,-0.32426,0.89672,-16.948,12.079,1,1,-0.6618,-0.386,0.89672,-16.41,12.082,1,1,-0.76119,-0.44875,0.89672,-15.824,12.105,1,1,-0.81479,-0.47565,0.89672,-15.22,12.14,1,1,-0.81163,-0.46057,0.89672,-14.63
9.0995,1,1,0.21074,0.14759,0.47178,2.091,9.1179,1,1,0.23492,0.16812,0.47178,1.9091,9.1411,1,1,0.20637,0.15298,0.47178,1.7459,9.167,1,1,0.11032,0.092284,0.47178,1.6379,9.1947,1,1,-0.048097,-0.0061037,0.47178,1.6176
20.695,1,1,0.045675,0.048111,-0.044646,6.2628,20.722,1,1,0.042758,0.049374,-0.044646,6.1431,20.736,1,1,0.03062,0.043681,-0.044646,6.0304,20.766,1,1,0.017368,0.035218,-0.044646,5.925,20.842,1,1,0.012412,0.029912,-0.044646,5.8224
18.258,1,1,-0.031118,0.0018317,0.38481,-10.201,18.282,1,1,-0.034072,0.0018975,0.38481,-10.093,18.296,1,1,-0.035979,0.0022621,0.38481,-9.9849,18.32,1,1,-0.038139,0.0011415,0.38481,-9.877,18.365,1,1,-0.040516,-0.0015917,0.38481,-9.7694
18.207,0,1,-0.17108,-0.082514,0.083134,4.6996,18.251,0,1,-0.24443,-0.12809,0.083134,4.7599,18.276,0,1,-0.27702,-0.14764,0.083134,4.8349,18.283,0,1,-0.28293,-0.14914,0.083134,4.9093,18.277,0,1,-0.27644,-0.14202,0.083134,4.9763
10.663,1,1,0.28042,0.18958,-0.14558,-6.0937,10.665,1,1,0.28042,0.19623,-0.14558,-6.2101,10.665,1,1,0.28042,0.19903,-0.14558,-6.3227,10.665,1,1,0.28054,0.19678,-0.14558,-6.4329,10.665,1,1,0.28073,0.18962,-0.14558,-6.5404
10.463,1,1,0.69194,0.43758,-0.29788,5.22,10.579,1,1,0.69899,0.45489,-0.29788,4.7405,10.69,1,1,0.69077,0.45424,-0.29788,4.2742,10.832,1,1,0.65039,0.42384,-0.29788,3.8387,11.036,1,1,0.59162,0.37467,-0.29788,3.4433
11.434,1,1,0.13392,0.10129,-0.21654,2.8579,11.385,1,1,0.13714,0.10769,-0.21654,2.7227,11.364,1,1,0.13343,0.10762,-0.21654,2.5912,11.381,1,1,0.12491,0.10124,-0.21654,2.4655,11.439,1,1,0.12719,0.098229,-0.21654,2.3399
14.371,1,1,-0.34081,-0.1848,0.73354,-8.1828,14.37,1,1,-0.34081,-0.18765,0.73354,-7.9243,14.359,1,1,-0.34037,-0.18704,0.73354,-7.6702,14.329,1,1,-0.3352,-0.18123,0.73354,-7.4243,14.285,1,1,-0.32318,-0.16984,0.73354,-7.1903
13.757,1,1,0.29811,0.20024,0.81326,2.0694,13.827,1,1,0.27174,0.19087,0.81326,1.8668,13.945,1,1,0.18892,0.14213,0.81326,1.7139,14.111,1,1,0.039473,0.048788,0.81326,1.6455,14.307,1,1,-0.18199,-0.085797,0.81326,1.6983
21.427,0,1,0.048399,0.049752,-0.083999,5.868,21.464,0,1,0.0369,0.045754,-0.083999,5.756,21.474,0,1,0.032011,0.044546,-0.083999,5.6469,21.469,0,1,0.030548,0.043309,-0.083999,5.5385,21.455,0,1,0.035347,0.043563,-0.083999,5.4279
11.441,1,1,0.68601,0.434,-0.41471,14.767,11.583,1,1,0.7601,0.49265,-0.41471,14.147,11.642,1,1,0.77319,0.50549,-0.41471,13.528,11.65,1,1,0.76046,0.49141,-0.41471,12.926,11.646,1,1,0.71534,0.44831,-0.41471,12.359
20.385,0,1,1.2583,0.77886,-0.87638,15.306,20.397,0,1,1.2583,0.80048,-0.87638,14.398,20.423,0,1,1.2602,0.80839,-0.87638,13.503,20.465,0,1,1.2601,0.79816,-0.87638,12.625,20.512,0,1,1.2357,0.75806,-0.87638,11.777
10.933,1,1,-0.0086319,0.015383,0.94679,-11.265,10.857,1,1,-0.13294,-0.059198,0.94679,-11.09,10.613,1,1,-0.29682,-0.15996,0.94679,-10.824,10.239,1,1,-0.49415,-0.27881,0.94679,-10.455,9.8509,1,1,-0.6803,-0.3824,0.94679,-9.9906
13.345,1,1,-0.61624,-0.35079,0.034974,-6.5808,13.233,1,1,-0.58275,-0.33716,0.034974,-6.2033,13.058,1,1,-0.53972,-0.31102,0.034974,-5.8571,12.842,1,1,-0.4738,-0.26632,0.034974,-5.5553,12.615,1,1,-0.351,-0.18639,0.034974,-5.3274
15.238,1,1,-0.029822,0.0026128,-0.024481,-8.5889,15.245,1,1,-0.029853,0.0045046,-0.024481,-8.5019,15.267,1,1,-0.032073,0.0046913,-0.024481,-8.4138,15.312,1,1,-0.036132,0.0023732,-0.024481,-8.3249,15.379,1,1,-0.035222,0.0015594,-0.024481,-8.238
14.026,1,1,0.021619,0.033614,0.07753,-9.449,13.899,1,1,0.017676,0.033874,0.07753,-9.3793,13.81,1,1,0.012704,0.032539,0.07753,-9.3063,13.768,1,1,0.013845,0.033055,0.07753,-9.2349,13.766,1,1,0.018832,0.033733,0.07753,-9.1671
12.237,1,1,-0.32047,-0.17255,0.036314,4.9134,12.249,1,1,-0.22137,-0.11384,0.036314,4.9582,12.246,1,1,-0.10926,-0.043315,0.036314,4.9372,12.219,1,1,-0.033611,0.0039212,0.036314,4.8724,12.175,1,1,-0.014268,0.014031,0.036314,4.7965
10.664,1,1,0.28073,0.18976,-0.4977,7.9167,10.663,1,1,0.28073,0.19643,-0.4977,7.6438,10.668,1,1,0.28063,0.19917,-0.4977,7.3742,10.692,1,1,0.27873,0.19567,-0.4977,7.1089,10.748,1,1,0.27517,0.18631,-0.4977,6.8491
12.012,1,1,0.14906,0.11041,-0.10257,-6.5026,12.107,1,1,0.15428,0.11829,-0.10257,-6.5431,12.163,1,1,0.15407,0.12046,-0.10257,-6.5812,12.187,1,1,0.15025,0.1168,-0.10257,-6.6164,12.193,1,1,0.14857,0.11095,-0.10257,-6.6495
17.375,1,1,0.061627,0.057724,0.35856,-10.637,17.356,1,1,0.059246,0.059563,0.35856,-10.578,17.319,1,1,0.066497,0.065993,0.35856,-10.521,17.26,1,1,0.088366,0.078804,0.35856,-10.477,17.186,1,1,0.11245,0.089456,0.35856,-10.446
15.365,1,1,-0.65102,-0.37174,0.42924,-1.8834,15.517,1,1,-0.67384,-0.39344,0.42924,-1.5067,15.738,1,1,-0.62166,-0.36198,0.42924,-1.1679,16.003,1,1,-0.49531,-0.27952,0.42924,-0.90761,16.269,1,1,-0.32413,-0.1704,0.42924,-0.74776
12.184,1,0,0.26284,0.17898,-0.27207,1.6795,12.19,1,1,0.26134,0.18445,-0.27207,1.4872,12.189,1,1,0.26137,0.18719,-0.27207,1.2981,12.195,1,1,0.26125,0.18494,-0.27207,1.1117,12.218,1,1,0.25934,0.17689,-0.27207,0.92934
13.623,1,0,-0.070418,-0.021852,-0.14181,6.3083,13.525,1,0,-0.068384,-0.019306,-0.14181,6.251,13.423,1,0,-0.053395,-0.0085689,-0.14181,6.184,13.355,1,0,-0.016223,0.014596,-0.14181,6.0954,13.355,1,0,0.033012,0.042174,-0.14181,5.9797
15.741,1,0,-0.12428,-0.054313,0.60741,-8.9769,16.001,1,0,-0.10815,-0.043882,0.60741,-8.8412,16.263,1,0,-0.09412,-0.033897,0.60741,-8.7145,16.49,1,0,-0.077457,-0.022996,0.60741,-8.5994,16.668,1,0,-0.067959,-0.017926,0.60741,-8.4914
7.6168,1,1,0.20091,0.14166,-0.097315,1.9204,7.6161,1,1,0.20073,0.14699,-0.097315,1.7597,7.6161,1,1,0.19965,0.1488,-0.097315,1.602,7.621,1,1,0.19971,0.14716,-0.097315,1.4462,7.6259,1,1,0.20027,0.14173,-0.097315,1.2923
12.161,1,1,-0.028313,0.0035221,-0.20783,2.5453,12.113,1,1,-0.028695,0.00522,-0.20783,2.5075,12.046,1,1,-0.017778,0.013581,-0.20783,2.463,11.982,1,1,0.023239,0.038822,-0.20783,2.395,11.946,1,1,0.082593,0.071685,-0.20783,2.2946
9.6011,1,0,-0.048895,-0.0088813,-0.041548,4.2216,9.7551,1,0,-0.048539,-0.0070424,-0.041548,4.1763,9.8971,1,0,-0.047752,-0.00506,-0.041548,4.1297,9.9981,1,1,-0.047575,-0.0046514,-0.041548,4.0819,10.026,1,1,-0.049003,-0.0066429,-0.041548,4.034
7.6183,1,0,-0.038966,-0.0028978,0.13044,-1.6408,7.6248,1,0,-0.039027,-0.0011646,0.13044,-1.6261,7.6429,1,0,-0.040865,-0.00077653,0.13044,-1.6109,7.6568,1,0,-0.043417,-0.0020987,0.13044,-1.5956,7.6367,1,0,-0.041962,-0.0024523,0.13044,-1.5821
15.451,1,1,0.044263,0.04726,-0.067687,-9.4467,15.568,1,1,0.051031,0.054486,-0.067687,-9.3959,15.661,1,1,0.055304,0.059032,-0.067687,-9.3465,15.726,1,1,0.057363,0.059771,-0.067687,-9.2987,15.784,1,1,0.049334,0.051888,-0.067687,-9.2469
4.5709,1,1,0.097536,0.079364,-0.12683,7.7102,4.5707,1,1,0.097536,0.083224,-0.12683,7.5433,4.571,1,1,0.097536,0.085297,-0.12683,7.3773,4.5722,1,1,0.097663,0.084512,-0.12683,7.2121,4.5729,1,1,0.09785,0.080766,-0.12683,7.0481
7.9092,1,0,0.19244,0.13656,-0.22307,4.3787,8.042,1,0,0.2369,0.16934,-0.22307,4.1702,8.143,1,0,0.24817,0.17898,-0.22307,3.958,8.2002,1,1,0.23421,0.16834,-0.22307,3.7563,8.2274,1,1,0.21986,0.15339,-0.22307,3.5652
13.694,1,1,0.28894,0.19471,-0.31327,4.8185,13.707,1,1,0.29355,0.20435,-0.31327,4.573,13.712,1,1,0.29371,0.2073,-0.31327,4.3308,13.713,1,1,0.2938,0.20492,-0.31327,4.0918,13.713,1,1,0.29368,0.19732,-0.31327,3.8565
8.9661,1,1,-0.55147,-0.31175,0.061676,4.1815,8.6487,1,1,-0.49989,-0.28595,0.061676,4.3921,8.3138,1,1,-0.41915,-0.23604,0.061676,4.5509,8.0337,1,1,-0.30584,-0.16321,0.061676,4.6411,7.8637,1,1,-0.18673,-0.088619,0.061676,4.6622
13.427,1,1,-0.24213,-0.12533,0.55053,-5.3542,13.342,1,1,-0.32683,-0.17901,0.55053,-5.1352,13.301,1,1,-0.4242,-0.23917,0.55053,-4.8657,13.302,1,1,-0.51867,-0.29386,0.55053,-4.5504,13.318,1,1,-0.56815,-0.31565,0.55053,-4.2154
10.668,1,1,-0.06737,-0.020015,0.094117,8.2179,10.668,1,1,-0.06737,-0.018679,0.094117,8.1388,10.668,1,1,-0.067183,-0.017144,0.094117,8.0581,10.668,1,1,-0.067056,-0.016611,0.094117,7.9763,10.668,1,1,-0.067056,-0.017389,0.094117,7.8937
12.896,1,1,-0.34677,-0.18839,-0.016176,3.8561,12.977,1,1,-0.31947,-0.17446,-0.016176,3.9683,13.067,1,1,-0.26431,-0.13974,-0.016176,4.0452,13.139,1,1,-0.19713,-0.096468,-0.016176,4.081,13.158,1,1,-0.1552,-0.069855,-0.016176,4.0913
15.542,1,1,-0.0058125,0.017082,0.16514,-4.9397,15.642,1,1,-0.018094,0.011771,0.16514,-4.9001,15.732,1,1,-0.026765,0.0079922,0.16514,-4.8557,15.804,1,1,-0.027507,0.0076686,0.16514,-4.8121,15.866,1,1,-0.028246,0.0057119,0.16514,-4.7693
15.377,1,1,-0.19343,-0.095984,0.26795,-9.7066,15.12,1,1,-0.21001,-0.10682,0.26795,-9.5051,14.865,1,1,-0.2227,-0.11386,0.26795,-9.299,14.637,1,1,-0.22803,-0.11544,0.26795,-9.0938,14.438,1,1,-0.23155,-0.1153,0.26795,-8.8908
9.141,1,1,0.24048,0.16551,0.13727,1.9188,9.141,1,1,0.24048,0.17155,0.13727,1.7356,9.1408,1,1,0.24066,0.17431,0.13727,1.5552,9.141,1,1,0.2399,0.17183,0.13727,1.3777,9.1448,1,1,0.24114,0.16605,0.13727,1.2023
12.445,1,1,0.040886,0.045225,-0.13587,7.9295,12.328,1,1,0.042588,0.049269,-0.13587,7.7913,12.236,1,1,0.033046,0.04519,-0.13587,7.6585,12.196,1,1,0.0082767,0.029636,-0.13587,7.5395,12.236,1,1,-0.016031,0.012982,-0.13587,7.434
8.9978,1,1,0.015861,0.030143,-0.0099418,-8.8773,9.0897,1,1,0.0071453,0.027367,-0.0099418,-8.808,9.221,1,1,-0.011644,0.017396,-0.0099418,-8.7278,9.404,1,1,-0.02589,0.0086612,-0.0099418,-8.641,9.639,1,1,-0.020053,0.010589,-0.0099418,-8.5588
16.232,1,0,-0.58523,-0.3321,0.44937,-12.173,16.329,1,0,-0.58412,-0.338,0.44937,-11.732,16.38,1,0,-0.55551,-0.32084,0.44937,-11.315,16.34,1,0,-0.52303,-0.29654,0.44937,-10.924,16.19,1,0,-0.50277,-0.27673,0.44937,-10.551
10.668,1,1,-0.024346,0.0059132,-0.1303,-7.2345,10.667,1,1,-0.024982,0.0075143,-0.1303,-7.1654,10.661,1,1,-0.025138,0.0090039,-0.1303,-7.0962,10.623,1,1,-0.025325,0.0090079,-0.1303,-7.0284,10.527,1,1,-0.025169,0.0075433,-0.1303,-6.9618
13.04,1,1,0.0074791,0.025092,-0.68688,13.262,12.969,1,1,-0.00044049,0.02268,-0.68688,13.088,12.903,1,1,-0.010529,0.01809,-0.68688,12.92,12.842,1,1,-0.023984,0.0098312,-0.68688,12.759,12.782,1,1,-0.022999,0.0088349,-0.68688,12.597
13.655,1,1,0.023937,0.03501,-0.062148,-9.2373,13.666,1,1,0.033716,0.043787,-0.062148,-9.1791,13.684,1,1,0.041483,0.050437,-0.062148,-9.1244,13.7,1,1,0.044867,0.0521,-0.062148,-9.0722,13.711,1,1,0.04522,0.04944,-0.062148,-9.0207
12.201,1,1,-0.028887,0.0031761,-0.14697,5.8711,12.192,1,1,-0.030009,0.0044081,-0.14697,5.7969,12.188,1,1,-0.029039,0.0065783,-0.14697,5.7215,12.171,1,1,-0.028627,0.0069807,-0.14697,5.645,12.129,1,1,-0.028627,0.0054849,-0.14697,5.5682
9.1447,1,1,-0.74467,-0.42819,0.33972,-0.67436,8.8812,1,1,-0.66108,-0.38556,0.33972,-0.31837,8.4759,1,1,-0.55592,-0.3211,0.33972,-0.029757,7.95,1,1,-0.44218,-0.2469,0.33972,0.18813,7.3696,1,1,-0.35126,-0.18655,0.33972,0.35025
10.518,1,1,0.28836,0.19436,-0.089643,0.72341,10.403,1,1,0.25965,0.1834,-0.089643,0.54272,10.296,1,1,0.2037,0.15132,-0.089643,0.39653,10.227,1,1,0.12953,0.10408,-0.089643,0.29331,10.201,1,1,0.055836,0.055759,-0.089643,0.23161
18.802,1,1,-1.6259,-0.95928,0.46233,-1.7559,18.82,1,1,-1.5067,-0.90811,0.46233,-0.90923,19.021,1,1,-1.3085,-0.78913,0.46233,-0.19283,19.398,1,1,-1.0372,-0.61218,0.46233,0.35605,19.862,1,1,-0.70703,-0.39831,0.46233,0.71079
10.187,1,1,-0.6608,-0.37764,0.41441,-10.44,10.425,1,1,-0.60256,-0.3494,0.41441,-10.008,10.693,1,1,-0.4987,-0.28551,0.41441,-9.6421,10.929,1,1,-0.35639,-0.19424,0.41441,-9.3621,11.073,1,1,-0.22465,-0.11119,0.41441,-9.1597
11.93,1,1,-0.25576,-0.13355,0.53652,-13.992,11.821,1,1,-0.082476,-0.028014,0.53652,-13.815,11.739,1,1,0.030012,0.043302,0.53652,-13.701,11.678,1,1,0.092337,0.081242,0.53652,-13.623,11.633,1,1,0.10851,0.087112,0.53652,-13.554
12.259,1,1,-0.079463,-0.027303,0.35501,-6.3184,12.229,1,1,-0.054875,-0.010958,0.35501,-6.2426,12.207,1,1,-0.03831,0.00081248,0.35501,-6.1765,12.196,1,1,-0.029152,0.0066587,0.35501,-6.117,12.19,1,1,-0.027395,0.0062181,0.35501,-6.0597
15.27,0,0,0.11575,0.090343,0.38041,-9.2039,15.121,0,0,0.02659,0.039383,0.38041,-9.142,15.013,0,0,0.030402,0.043545,0.38041,-9.0816,14.937,0,0,0.10188,0.087098,0.38041,-9.0614,14.869,0,0,0.17127,0.12447,0.38041,-9.079
1.2921,1,1,0.014599,0.029383,-0.032725,2.9746,1.3724,1,1,0.016703,0.033273,-0.032725,2.9064,1.4446,1,1,0.019894,0.03701,-0.032725,2.8363,1.4935,1,1,0.022013,0.038069,-0.032725,2.7647,1.5172,1,1,0.019813,0.034317,-0.032725,2.6943
10.572,1,1,0.14809,0.10983,-0.32713,4.9351,10.637,1,1,0.13865,0.10863,-0.32713,4.776,10.661,1,1,0.13149,0.10641,-0.32713,4.6223,10.658,1,1,0.12981,0.10425,-0.32713,4.4707,10.635,1,1,0.12984,0.099806,-0.32713,4.3206
12.183,1,1,0.26008,0.17732,0.31143,3.51,12.162,1,1,0.26245,0.18513,0.31143,3.2966,12.126,1,1,0.27343,0.19469,0.31143,3.0802,12.089,1,1,0.26888,0.18963,0.31143,2.8693,12.075,1,1,0.21042,0.14777,0.31143,2.6936
12.294,1,1,-0.11919,-0.051242,0.015762,2.9968,12.402,1,1,-0.078582,-0.025608,0.015762,2.9822,12.543,1,1,-0.026027,0.0084516,0.015762,2.9369,12.7,1,1,0.01131,0.031499,0.015762,2.8701,12.845,1,1,0.010978,0.029058,0.015762,2.8034
16.422,1,1,-0.030846,0.0019955,-0.45164,10.557,16.395,1,1,-0.031862,0.003263,-0.45164,10.432,16.384,1,1,-0.032243,0.0045858,-0.45164,10.306,16.382,1,1,-0.031862,0.0049948,-0.45164,10.179,16.394,1,1,-0.035549,0.0013649,-0.45164,10.054
11.684,1,1,0.3836,0.25176,-0.23952,4.2188,11.85,1,1,0.40142,0.27101,-0.23952,3.9189,11.907,1,1,0.40394,0.27585,-0.23952,3.6224,11.875,1,1,0.4109,0.27681,-0.23952,3.3267,11.795,1,1,0.41656,0.27047,-0.23952,3.033
12.475,1,1,-0.62634,-0.35688,0.074363,7.3185,12.483,1,1,-0.64515,-0.37571,0.074363,7.5763,12.437,1,1,-0.62643,-0.36495,0.074363,7.815,12.336,1,1,-0.56364,-0.32147,0.074363,8.0106,12.184,1,1,-0.47156,-0.25815,0.074363,8.1488
10.665,1,1,0.28042,0.18958,0.28216,-8.5263,10.666,1,1,0.27965,0.19576,0.28216,-8.6152,10.67,1,1,0.28197,0.2,0.28216,-8.7015,10.668,1,1,0.28929,0.20215,0.28216,-8.7893,10.615,1,1,0.27328,0.18518,0.28216,-8.8658
14.956,1,1,0.34461,0.22826,-0.46296,11.182,15.109,1,1,0.35548,0.24262,-0.46296,10.83,15.194,1,1,0.34605,0.23985,-0.46296,10.488,15.23,1,1,0.33122,0.22789,-0.46296,10.158,15.238,1,1,0.32626,0.21672,-0.46296,9.8354
9.9022,1,0,-0.051141,-0.010235,0.26984,-3.402,9.645,1,0,-0.06915,-0.019779,0.26984,-3.3506,9.4259,1,0,-0.085757,-0.028696,0.26984,-3.2908,9.2733,1,0,-0.091228,-0.031451,0.26984,-3.2298,9.1904,1,0,-0.078684,-0.02431,0.26984,-3.1776
18.289,1,1,0.086412,0.07266,-0.048606,9.4019,18.309,1,1,0.086316,0.07629,-0.048606,9.2226,18.365,1,1,0.08479,0.07737,-0.048606,9.0446,18.467,1,1,0.073917,0.069934,-0.048606,8.8736,18.61,1,1,0.040071,0.046375,-0.048606,8.7221
14.753,1,1,-0.074695,-0.024429,-0.17505,4.8627,14.619,1,1,-0.050046,-0.007974,-0.17505,4.8111,14.539,1,1,0.0025452,0.026221,-0.17505,4.7292,14.527,1,1,0.065849,0.064981,-0.17505,4.6118,14.578,1,1,0.12857,0.099049,-0.17505,4.4608
9.144,1,0,-0.047132,-0.0078189,0.055032,-2.9608,9.144,1,0,-0.047132,-0.0061733,0.055032,-2.9268,9.144,1,0,-0.047229,-0.0047342,0.055032,-2.8933,9.144,1,0,-0.047042,-0.0043245,0.055032,-2.8614,9.144,1,0,-0.046945,-0.0054185,0.055032,-2.8307
13.218,1,1,-0.11431,-0.048304,0.019668,-2.1522,13.122,1,1,-0.069405,-0.019937,0.019668,-2.1146,13.026,1,1,-0.024087,0.0096578,0.019668,-2.1032,12.96,1,1,-0.0064414,0.020601,0.019668,-2.1027,12.936,1,1,-0.018526,0.011497,0.019668,-2.0963
11.806,1,0,0.20454,0.14385,0.23006,1.9509,11.879,1,0,0.00036314,0.023176,0.23006,1.9033,11.888,1,0,-0.19465,-0.096417,0.23006,1.9646,11.8,1,0,-0.27272,-0.14287,0.23006,2.066,11.615,1,0,-0.2808,-0.14461,0.23006,2.168
11.327,1,1,0.1882,0.134,0.6056,-1.3832,11.239,1,1,0.065645,0.063517,0.6056,-1.4306,11.132,1,1,-0.11628,-0.047676,0.6056,-1.3754,11.026,1,1,-0.32207,-0.17317,0.6056,-1.2086,10.939,1,1,-0.50393,-0.27742,0.6056,-0.94697
18.288,0,0,0.02809,0.037513,-0.020236,5.5454,18.288,0,0,0.028059,0.040291,-0.020236,5.442,18.288,0,0,0.028,0.042051,-0.020236,5.3387,18.288,0,0,0.028127,0.041823,-0.020236,5.2352,18.288,0,0,0.0285,0.039488,-0.020236,5.1318
17.766,0,0,0.028211,0.037586,-0.021003,5.779,17.723,0,0,0.010787,0.029618,-0.021003,5.6827,17.728,0,0,0.0029349,0.026463,-0.021003,5.5907,17.795,0,0,0.0061944,0.028358,-0.021003,5.4965,17.914,0,0,0.013139,0.030345,-0.021003,5.3985
10.171,1,1,0.28648,0.19323,-0.8536,6.7305,9.8511,1,1,0.30401,0.21081,-0.8536,6.4577,9.5957,1,1,0.36528,0.25181,-0.8536,6.1541,9.51,1,1,0.45154,0.30176,-0.8536,5.8071,9.6256,1,1,0.54106,0.34457,-0.8536,5.4168
14.144,1,1,-0.02809,0.0036569,0.1857,-8.3829,14.246,1,1,-0.024809,0.0076211,0.1857,-8.3011,14.32,1,1,-0.021647,0.011175,0.1857,-8.221,14.383,1,1,-0.027344,0.0077684,0.1857,-8.1392,14.464,1,1,-0.037139,0.00041826,0.1857,-8.0534
9.2681,1,0,-0.065693,-0.019004,-0.069219,4.4565,9.408,1,0,-0.07288,-0.022084,-0.069219,4.4224,9.5702,1,0,-0.062026,-0.013937,-0.069219,4.3809,9.6924,1,0,-0.044352,-0.0026729,-0.069219,4.3285,9.7338,1,0,-0.023786,0.0083662,-0.069219,4.264
14.878,1,1,0.49707,0.32014,0.0061483,6.3301,15.1,1,1,0.39655,0.268,0.0061483,6.0094,15.318,1,1,0.25056,0.18046,0.0061483,5.7751,15.532,1,1,0.08761,0.07834,0.0061483,5.6337,15.735,1,1,-0.026549,0.0067219,0.0061483,5.5558
7.1622,1,1,-0.47139,-0.2635,-0.11144,6.4953,6.8033,1,1,-0.43295,-0.24459,-0.11144,6.6422,6.4511,1,1,-0.35909,-0.19869,-0.11144,6.7419,6.1785,1,1,-0.248,-0.12769,-0.11144,6.7751,6.0181,1,1,-0.12293,-0.050644,-0.11144,6.7369
12.155,1,1,0.037822,0.043378,-0.29042,5.0321,12.156,1,1,0.10975,0.090774,-0.29042,4.8882,12.173,1,1,0.1458,0.11532,-0.29042,4.7252,12.178,1,1,0.15162,0.11764,-0.29042,4.5604,12.151,1,1,0.14933,0.11141,-0.29042,4.3986
11.862,1,1,0.33915,0.22497,0.46619,0.25529,11.752,1,1,0.32742,0.22528,0.46619,0.041465,11.597,1,1,0.31854,0.22274,0.46619,-0.1633,11.446,1,1,0.29197,0.2038,0.46619,-0.35,11.34,1,1,0.20523,0.14468,0.46619,-0.48602
10.888,1,1,0.090864,0.075343,0.17369,3.0547,10.997,1,1,-0.031238,0.0036484,0.17369,3.0127,11.032,1,1,-0.1843,-0.089978,0.17369,3.0556,11.024,1,1,-0.30292,-0.16141,0.17369,3.1613,11.005,1,1,-0.34038,-0.18007,0.17369,3.2834
12.236,1,1,-0.081979,-0.028819,0.22863,-8.0629,12.323,1,1,-0.097884,-0.037535,0.22863,-7.9432,12.479,1,1,-0.11046,-0.044057,0.22863,-7.8176,12.706,1,1,-0.10544,-0.040173,0.22863,-7.6971,12.982,1,1,-0.091128,-0.031717,0.22863,-7.5869
7.62,1,1,0.093106,0.076694,-0.12975,2.3226,7.62,1,1,0.092822,0.080311,-0.12975,2.2185,7.6197,1,1,0.092665,0.082268,-0.12975,2.1155,7.6187,1,1,0.092635,0.081425,-0.12975,2.013,7.6183,1,1,0.092508,0.077587,-0.12975,1.9116
9.2231,1,1,-0.14628,-0.06757,0.16427,9.0909,9.173,1,1,-0.14711,-0.067957,0.16427,9.0471,9.1483,1,1,-0.14359,-0.064665,0.16427,8.9989,9.1412,1,1,-0.14146,-0.06229,0.16427,8.9475,9.1402,1,1,-0.14143,-0.061659,0.16427,8.8945
12.122,1,1,0.16821,0.12195,-0.24402,2.9861,12.106,1,1,0.15694,0.11993,-0.24402,2.8383,12.042,1,1,0.14973,0.11776,-0.24402,2.6963,11.962,1,1,0.14642,0.11444,-0.24402,2.5576,11.891,1,1,0.14462,0.10861,-0.24402,2.4213
15.161,1,1,0.090142,0.074908,0.013089,11.274,15.054,1,1,0.087394,0.076957,0.013089,11.073,14.902,1,1,0.061063,0.062613,0.013089,10.887,14.732,1,1,0.031679,0.044003,0.013089,10.718,14.58,1,1,0.0012843,0.023289,0.013089,10.567
10.684,1,1,-1.0447,-0.60902,1.046,-4.6255,10.964,1,1,-1.7814,-1.0779,1.046,-3.5914,11.135,1,1,-1.461,-0.884,1.046,-2.7593,11.188,1,1,-1.0193,-0.60118,1.046,-2.191,11.229,1,1,-0.80871,-0.45883,1.046,-1.7515
12.223,1,1,0.41196,0.26885,-0.60859,6.9629,12.188,1,1,0.42463,0.28535,-0.60859,6.6192,12.183,1,1,0.4246,0.2887,-0.60859,6.2806,12.187,1,1,0.42652,0.2864,-0.60859,5.946,12.185,1,1,0.43776,0.28308,-0.60859,5.6107
17.673,1,1,0.29099,0.19595,-0.7128,9.9015,17.717,1,1,0.2266,0.16298,-0.7128,9.6371,17.734,1,1,0.12948,0.10517,-0.7128,9.4295,17.716,1,1,0.054948,0.058288,-0.7128,9.2645,17.683,1,1,0.051834,0.053376,-0.7128,9.1021
14.406,1,1,0.89567,0.56036,0.033763,-7.5272,14.506,1,1,0.8415,0.54295,0.033763,-7.9452,14.675,1,1,0.74092,0.48542,0.033763,-8.2958,14.908,1,1,0.58482,0.38358,0.033763,-8.5518,15.179,1,1,0.37334,0.24474,0.033763,-8.6857
18.284,1,1,0.086509,0.072719,-0.046777,8.2188,18.289,1,1,0.086569,0.076447,-0.046777,8.0525,18.298,1,1,0.086756,0.078593,-0.046777,7.8867,18.319,1,1,0.086912,0.077912,-0.046777,7.7216,18.35,1,1,0.084282,0.07269,-0.046777,7.5592
3.0549,1,0,-0.015867,0.011023,0.029066,2.3942,3.0889,1,0,-0.020727,0.010144,0.029066,2.3536,3.1727,1,0,-0.034645,0.0030916,0.029066,2.3203,3.3251,1,0,-0.04492,-0.0030214,0.029066,2.2916,3.546,1,0,-0.040223,-0.0014173,0.029066,2.2595
16.588,1,1,-0.22272,-0.11363,-0.38301,10.954,16.548,1,1,-0.16385,-0.078297,-0.38301,10.899,16.549,1,1,-0.092375,-0.032811,-0.38301,10.801,16.59,1,1,-0.020629,0.011891,-0.38301,10.662,16.648,1,1,0.043112,0.048185,-0.38301,10.489
17.457,0,1,0.017811,0.031318,-0.023557,5.7261,17.632,0,1,0.036075,0.045244,-0.023557,5.6162,17.747,0,1,0.052411,0.057233,-0.023557,5.4972,17.769,0,1,0.060214,0.061521,-0.023557,5.3742,17.699,0,1,0.057581,0.056797,-0.023557,5.2533
10.668,1,0,0.12987,0.098849,-0.18566,1.9966,10.668,1,0,0.12965,0.10307,-0.18566,1.8753,10.668,1,0,0.12956,0.10521,-0.18566,1.7555,10.668,1,0,0.12952,0.10407,-0.18566,1.6368,10.668,1,0,0.12968,0.099713,-0.18566,1.5193
11.946,1,1,0.78354,0.49278,-0.44717,6.1671,12.097,1,1,0.79597,0.51482,-0.44717,5.6222,12.171,1,1,0.79704,0.52033,-0.44717,5.0865,12.23,1,1,0.78939,0.50917,-0.44717,4.5647,12.333,1,1,0.75343,0.47098,-0.44717,4.0726
13.944,1,1,-0.10784,-0.044405,0.26847,-8.1553,14.219,1,1,-0.092001,-0.0339,0.26847,-8.038,14.445,1,1,-0.087459,-0.029754,0.26847,-7.9241,14.604,1,1,-0.08453,-0.027339,0.26847,-7.814,14.695,1,1,-0.07469,-0.021932,0.26847,-7.7114
15.237,1,1,0.32632,0.21724,-0.45674,12.226,15.237,1,1,0.32645,0.22468,-0.45674,11.879,15.237,1,1,0.32626,0.22754,-0.45674,11.536,15.237,1,1,0.32614,0.22477,-0.45674,11.197,15.237,1,1,0.32626,0.21672,-0.45674,10.862
6.1701,1,1,0.28235,0.19074,-0.28657,3.2886,6.224,1,1,0.26967,0.1896,-0.28657,3.0737,6.224,1,1,0.24591,0.17757,-0.28657,2.8752,6.2133,1,1,0.19069,0.14162,-0.28657,2.7099,6.2248,1,1,0.11144,0.088853,-0.28657,2.5901
10.665,1,1,0.22816,0.15808,-0.28121,8.4871,10.665,1,1,0.22847,0.16414,-0.28121,8.2375,10.665,1,1,0.2286,0.16681,-0.28121,7.9903,10.665,1,1,0.2286,0.1649,-0.28121,7.7456,10.665,1,1,0.2286,0.15859,-0.28121,7.504
9.1684,1,1,-0.46324,-0.25859,0.8617,-5.8797,9.1559,1,1,-0.4344,-0.24548,0.8617,-5.594,9.1497,1,1,-0.44697,-0.25334,0.8617,-5.3066,9.1492,1,1,-0.49417,-0.27882,0.8617,-4.9998,9.15,1,1,-0.55343,-0.30689,0.8617,-4.6676
9.144,1,1,0.11136,0.087697,-0.1946,4.3562,9.144,1,1,0.11114,0.09163,-0.1946,4.2191,9.144,1,1,0.11114,0.093757,-0.1946,4.083,9.144,1,1,0.11124,0.092845,-0.1946,3.9479,9.144,1,1,0.11105,0.088623,-0.1946,3.8141
13.72,1,1,0.053355,0.052739,1.1874,-11.248,13.721,1,1,0.031193,0.042228,1.1874,-11.166,13.721,1,1,-0.041197,-0.00098335,1.1874,-11.042,13.714,1,1,-0.16501,-0.076744,1.1874,-10.852,13.696,1,1,-0.32594,-0.17148,1.1874,-10.577
12.285,1,1,-0.07381,-0.023896,0.44262,-8.4425,12.237,1,1,-0.0051944,0.019742,0.44262,-8.3711,12.203,1,1,0.028853,0.042582,0.44262,-8.3185,12.175,1,1,0.039143,0.048586,0.44262,-8.2724,12.142,1,1,0.023303,0.036394,0.44262,-8.2181
18.114,1,1,-0.57902,-0.32836,0.89341,-11.407,18.271,1,1,-0.60421,-0.35041,0.89341,-10.964,18.263,1,1,-0.62249,-0.36249,0.89341,-10.517,18.172,1,1,-0.61544,-0.35327,0.89341,-10.084,18.094,1,1,-0.56142,-0.31164,0.89341,-9.6892
12.968,1,1,0.31531,0.2106,0.29303,3.7392,13.031,1,1,0.32468,0.22359,0.29303,3.488,13.035,1,1,0.27467,0.19546,0.29303,3.2688,13.025,1,1,0.16603,0.12648,0.29303,3.1126,13.045,1,1,0.022237,0.03576,0.29303,3.037
3.3541,1,1,0.21381,0.14943,-0.24861,3.3055,3.2743,1,1,0.21691,0.15699,-0.24861,3.1202,3.1938,1,1,0.21162,0.15625,-0.24861,2.9404,3.1221,1,1,0.2025,0.14887,-0.24861,2.7678,3.0664,1,1,0.19608,0.13923,-0.24861,2.601
12.148,1,1,0.092723,0.076463,0.46999,1.4343,12.168,1,1,0.12865,0.10245,0.46999,1.3198,12.202,1,1,0.14961,0.11768,0.46999,1.1951,12.259,1,1,0.14126,0.11127,0.46999,1.0763,12.347,1,1,0.091821,0.077178,0.46999,0.98593
4.572,1,1,0.098194,0.079761,-0.14439,-7.8268,4.5719,1,1,0.098163,0.083611,-0.14439,-7.8208,4.5716,1,1,0.097977,0.085571,-0.14439,-7.8131,4.5711,1,1,0.097663,0.084512,-0.14439,-7.8051,4.5701,1,1,0.097536,0.080579,-0.14439,-7.7967
13.776,1,1,0.056426,0.054589,-0.037889,-6.062,13.73,1,1,0.0045372,0.025756,-0.037889,-6.0226,13.709,1,1,-0.008856,0.01913,-0.037889,-5.9755,13.702,1,1,-0.0043947,0.021857,-0.037889,-5.932,13.718,1,1,-0.0057928,0.019076,-0.037889,-5.8886
18.269,1,1,0.049235,0.050256,-0.1513,11.335,18.255,1,1,0.043867,0.050059,-0.1513,11.158,18.22,1,1,0.045646,0.053026,-0.1513,10.98,18.174,1,1,0.054642,0.0581,-0.1513,10.797,18.124,1,1,0.075055,0.067198,-0.1513,10.605
4.234,1,1,-0.45278,-0.25228,0.10218,1.8777,4.0352,1,1,-0.42584,-0.24019,0.10218,2.0721,3.7782,1,1,-0.39608,-0.22169,0.10218,2.2442,3.5081,1,1,-0.33673,-0.18217,0.10218,2.3778,3.2768,1,1,-0.24791,-0.12503,0.10218,2.4583
13.721,1,1,0.045062,0.047741,-0.065114,-5.626,13.746,1,1,0.043059,0.04956,-0.065114,-5.6133,13.796,1,1,0.04039,0.049757,-0.065114,-5.5984,13.868,1,1,0.043045,0.050981,-0.065114,-5.5854,13.947,1,1,0.045862,0.049822,-0.065114,-5.5743
13.158,1,1,-0.92128,-0.53461,1.2546,-9.817,13.138,1,1,-0.99593,-0.59248,1.2546,-9.1695,13.128,1,1,-1.0082,-0.60239,1.2546,-8.5276,13.118,1,1,-0.99919,-0.58886,1.2546,-7.9047,13.106,1,1,-1.03,-0.59057,1.2546,-7.2786
16.365,1,1,0.038143,0.043571,-0.029736,-10.19,16.245,1,1,0.0023234,0.024388,-0.029736,-10.103,16.197,1,1,-0.011747,0.017332,-0.029736,-10.008,16.217,1,1,-0.012688,0.016766,-0.029736,-9.9139,16.288,1,1,-0.0042728,0.019981,-0.029736,-9.8257
11.665,1,1,0.46087,0.29832,-0.21353,1.8619,11.665,1,1,0.46087,0.30774,-0.21353,1.8154,11.752,1,1,0.43928,0.29783,-0.21353,1.547,11.835,1,1,0.4117,0.2773,-0.21353,1.2869,11.914,1,1,0.3766,0.24668,-0.21353,1.0363
23.47,1,1,-0.13798,-0.062569,0.40552,-13.385,23.416,1,1,-0.24548,-0.12874,0.40552,-13.122,23.386,1,1,-0.33636,-0.18455,0.40552,-12.812,23.393,1,1,-0.37397,-0.20503,0.40552,-12.486,23.437,1,1,-0.34691,-0.18396,0.40552,-12.181
12.084,0,0,-0.11506,-0.048753,1.5239,-18.841,12.082,0,0,-0.36576,-0.20307,1.5239,-18.138,12.079,0,0,-0.59498,-0.34539,1.5239,-17.441,12.075,0,0,-0.8147,-0.4756,1.5239,-16.754,12.069,0,0,-1.0293,-0.59013,1.5239,-16.055
7.6185,1,1,0.093106,0.076694,-0.13301,4.9273,7.6201,1,1,0.091678,0.079604,-0.13301,4.7948,7.6303,1,1,0.090098,0.080671,-0.13301,4.664,7.653,1,1,0.098699,0.085147,-0.13301,4.5292,7.6823,1,1,0.123,0.095738,-0.13301,4.3822
10.534,1,1,-0.2184,-0.11103,-0.15163,6.9362,9.9588,1,1,-0.29771,-0.16102,-0.15163,7.0017,9.5076,1,1,-0.27549,-0.14669,-0.15163,7.0505,9.2288,1,1,-0.16972,-0.079638,-0.15163,7.0369,9.1071,1,1,-0.027108,0.0063893,-0.15163,6.9433
13.134,1,0,-0.06597,-0.019171,0.60838,-8.4692,12.987,1,0,-0.074885,-0.023323,0.60838,-8.3581,12.856,1,0,-0.092791,-0.03307,0.60838,-8.2376,12.805,1,0,-0.13205,-0.056512,0.60838,-8.0977,12.862,1,0,-0.19041,-0.090809,0.60838,-7.9285
0.73012,1,0,0.0016633,0.021587,-0.27105,3.6895,0.64729,1,0,0.00097359,0.023553,-0.27105,3.6221,0.60184,1,0,0.012045,0.032129,-0.27105,3.5483,0.6414,1,0,0.041309,0.049915,-0.27105,3.4579,0.78862,1,0,0.091497,0.076985,-0.27105,3.3404
6.096,1,1,0.0081443,0.025493,-0.066006,11.915,6.0964,1,1,0.0090392,0.028538,-0.066006,11.752,6.0961,1,1,0.0096443,0.030636,-0.066006,11.587,6.0963,1,1,0.009144,0.030169,-0.066006,11.423,6.0971,1,1,0.0086437,0.027669,-0.066006,11.26
12.962,1,1,-0.17369,-0.084088,0.20126,10.236,13.087,1,1,-0.21296,-0.10864,0.20126,10.217,13.157,1,1,-0.24605,-0.12839,0.20126,10.213,13.183,1,1,-0.25683,-0.13312,0.20126,10.212,13.176,1,1,-0.25259,-0.12782,0.20126,10.205
18.182,1,1,0.16213,0.11829,-0.35488,9.4932,18.2,1,1,0.1537,0.11793,-0.35488,9.2747,18.186,1,1,0.16414,0.12672,-0.35488,9.0517,18.17,1,1,0.19097,0.14179,-0.35488,8.8158,18.17,1,1,0.22379,0.15573,-0.35488,8.5646
18.832,1,1,0.088368,0.073839,-0.022561,7.0943,18.894,1,1,0.10521,0.087969,-0.022561,6.93,18.912,1,1,0.10522,0.090076,-0.022561,6.7666,18.867,1,1,0.082335,0.075102,-0.022561,6.6168,18.772,1,1,0.047173,0.050603,-0.022561,6.4874
10.577,1,1,0.031396,0.039506,-0.19071,10.163,10.527,1,1,0.036493,0.045503,-0.19071,10.004,10.494,1,1,0.049295,0.055295,-0.19071,9.8367,10.488,1,1,0.062891,0.063164,-0.19071,9.6627,10.495,1,1,0.078189,0.069064,-0.19071,9.4813
15.893,1,1,1.0406,0.64771,-1.1391,15.888,15.896,1,1,1.0405,0.6659,-1.1391,15.097,15.904,1,1,1.0402,0.67158,-1.1391,14.318,15.917,1,1,1.0387,0.66224,-1.1391,13.553,15.93,1,1,1.0329,0.63734,-1.1391,12.805
10.499,1,0,-1.4424,-0.84864,0.88133,-8.5928,10.292,1,0,-1.3983,-0.84111,0.88133,-7.7781,10.079,1,0,-1.3473,-0.81328,0.88133,-6.9868,9.8665,1,0,-1.2906,-0.76776,0.88133,-6.2198,9.6433,1,0,-1.2275,-0.70809,0.88133,-5.478
12.121,1,1,0.80201,0.50391,-0.32944,5.2532,12.184,1,1,0.79887,0.51661,-0.32944,4.7169,12.228,1,1,0.7806,0.5101,-0.32944,4.2006,12.292,1,1,0.73152,0.47364,-0.32944,3.721,12.376,1,1,0.6501,0.40947,-0.32944,3.295
12.189,1,1,0.26065,0.17766,-0.20635,2.4315,12.189,1,1,0.2609,0.18418,-0.20635,2.231,12.189,1,1,0.26103,0.18697,-0.20635,2.0337,12.189,1,1,0.26075,0.18463,-0.20635,1.8392,12.189,1,1,0.26093,0.17784,-0.20635,1.6476
10.673,1,1,0.22782,0.15788,-0.37386,12.088,10.708,1,1,0.2227,0.16057,-0.37386,11.802,10.793,1,1,0.2085,0.15431,-0.37386,11.525,10.945,1,1,0.19973,0.14717,-0.37386,11.256,11.165,1,1,0.21069,0.14793,-0.37386,10.984
10.474,1,1,0.28721,0.19367,-0.34774,0.81663,10.292,1,1,0.28465,0.19885,-0.34774,0.62075,9.9855,1,1,0.27876,0.198,-0.34774,0.43168,9.5338,1,1,0.2651,0.18731,-0.34774,0.25306,8.9954,1,1,0.25821,0.17621,-0.34774,0.081162
10.896,1,1,-0.043172,-0.0054325,0.21737,4.344,10.786,1,1,0.053504,0.056015,0.21737,4.2396,10.833,1,1,0.12156,0.10023,0.21737,4.0975,11.029,1,1,0.15018,0.11675,0.21737,3.9407,11.338,1,1,0.13179,0.10097,0.21737,3.7956
8.5354,1,1,0.37625,0.24733,-0.35598,3.988,8.3705,1,1,0.42151,0.28342,-0.35598,3.6793,8.2519,1,1,0.43025,0.29222,-0.35598,3.3708,8.1782,1,1,0.3972,0.2684,-0.35598,3.0856,8.1367,1,1,0.32972,0.21878,-0.35598,2.8422
13.715,1,1,0.16667,0.12103,0.2457,2.8127,13.715,1,1,0.1667,0.12596,0.2457,2.6613,13.715,1,1,0.16618,0.12799,0.2457,2.5122,13.719,1,1,0.16773,0.12753,0.2457,2.3637,13.73,1,1,0.17204,0.12492,0.2457,2.2147
15.24,1,1,-0.030009,0.0025002,0.26508,-7.9356,15.241,1,1,-0.029726,0.0045831,0.26508,-7.8559,15.242,1,1,-0.025853,0.0085593,0.26508,-7.7786,15.242,1,1,-0.023526,0.010113,0.26508,-7.7039,15.241,1,1,-0.055669,-0.010611,0.26508,-7.6129
10.141,1,1,-0.028612,0.0033422,0.063934,9.0293,10.103,1,1,-0.15025,-0.069894,0.063934,8.988,10.062,1,1,-0.23835,-0.12359,0.063934,8.9935,10.038,1,1,-0.26798,-0.13996,0.063934,9.0122,10.018,1,1,-0.22558,-0.11175,0.063934,9.0044
16.766,1,1,0.0081663,0.025506,0.85258,-10.77,16.766,1,1,0.010204,0.029257,0.85258,-10.682,16.764,1,1,0.011759,0.031951,0.85258,-10.593,16.765,1,1,0.01542,0.034022,0.85258,-10.508,16.778,1,1,0.012512,0.029971,0.85258,-10.422
16.383,1,1,-0.0015511,0.01965,0.59118,-7.4188,16.521,1,1,0.016005,0.032842,0.59118,-7.3708,16.624,1,1,0.034004,0.045785,0.59118,-7.3324,16.673,1,1,0.030552,0.043311,0.59118,-7.2927,16.691,1,1,-0.010941,0.016012,0.59118,-7.2309
8.9644,1,1,0.098863,0.080164,0.18247,1.5032,8.9268,1,1,0.021779,0.03641,0.18247,1.4485,8.8773,1,1,-0.037876,0.0010824,0.18247,1.4272,8.8177,1,1,-0.12122,-0.049866,0.18247,1.4509,8.7593,1,1,-0.22982,-0.11427,0.18247,1.5322
7.62,1,1,-0.047856,-0.0082553,0.58409,-10.589,7.62,1,1,-0.047917,-0.0066581,0.58409,-10.47,7.6199,1,1,-0.047856,-0.0051246,0.58409,-10.35,7.6196,1,1,-0.047827,-0.0048062,0.58409,-10.233,7.6208,1,1,-0.048559,-0.006379,0.58409,-10.117
13.433,1,1,-0.058784,-0.014841,-0.09319,6.1681,13.586,1,1,-0.053096,-0.0098586,-0.09319,6.1037,13.672,1,1,-0.065267,-0.015952,-0.09319,6.045,13.707,1,1,-0.081201,-0.025295,-0.09319,5.994,13.715,1,1,-0.086412,-0.02891,-0.09319,5.9447
